{"nIndex":[0,1,2,3,4,5,6,7,8,9,10,11,12,13,14,15,16,17,18,19,20,21,22,23,24,25,26,27,28,29,30,31,32,33,34,35,36,37,38,39,40,41,42,43,44,45,46,47,48,49,50,51,52,53,54,55,56,57,58,59,60,61,62,63,64,65,66,67,68,69,70,71,72,73,74,75,76,77,78,79,80,81,82,83,84,85,86,87,88,89,90,91,92,93,94,95,96,97,98,99,100,101,102,103,104,105,106,107,108,109,110,111,112,113,114,115,116,117,118,119,120,121,122,123,124,125,126,127,128,129,130,131,132,133,134,135,136,137,138,139,140,141,142,143,144,145,146,147,148,149,150,151,152,153,154,155,156,157,158,159,160,161,162,163,164,165,166,167,168,169,170,171,172,173,174,175,176,177,178,179,180,181,182,183,184,185,186,187,188,189,190,191,192,193,194,195,196,197,198,199,200,201,202,203,204,205,206,207,208,209,210,211,212,213,214,215,216,217,218,219,220,221,222,223,224,225,226,227,228,229,230,231,232,233,234,235,236,237,238,239,240,241,242,243,244,245,246,247,248,249,250,251,252,253,254,255,256,257,258,259,260,261,262,263,264,265,266,267,268,269,270,271,272,273,274,275,276,277,278,279,280,281,282,283,284,285,286,287,288,289,290,291,292,293,294,295,296,297,298,299,300,301,302,303,304,305,306,307,308,309,310,311,312,313,314,315,316,317,318,319,320,321,322,323,324,325,326,327,328,329,330,331,332,333,334,335,336,337,338,339,340,341,342,343,344,345,346,347,348,349,350,351,352,353,354,355,356,357,358,359,360,361,362,363,364,365,366,367,368,369,370,371,372,373,374,375,376,377,378,379,380,381,382,383,384,385,386,387,388,389,390,391,392,393,394,395,396,397,398,399,400,401,402,403,404,405,406,407,408,409,410,411,412,413,414,415,416,417,418,419,420,421,422,423,424,425,426,427,428,429,430,431,432,433,434,435,436,437,438,439,440,441,442,443,444,445,446,447,448,449,450,451,452,453,454,455,456,457,458,459,460,461,462,463,464,465,466,467,468,469,470,471,472,473,474,475,476,477,478,479,480,481,482,483,484,485,486,487,488,489,490,491,492,493,494,495,496,497,498,499,500,501,502,503,504,505,506,507,508,509,510,511,512,513,514,515,516,517,518,519,520,521,522,523,524,525,526,527,528,529,530,531,532,533,534,535,536,537,538,539,540,541,542,543,544,545,546,547,548,549,550,551,552,553,554,555,556,557,558,559,560,561,562,563,564,565,566,567,568,569,570,571,572,573,574,575,576,577,578,579,580,581,582,583,584,585,586,587,588,589,590,591,592,593,594,595],"dTime":[0.7803396400995553,0.842934740241617,1.0293467422015966,1.247814042493701,1.4862371422350407,1.7535950429737569,1.9977413420565427,2.30236214119941,2.5622228402644398,2.8544383393600585,2.9500365392304959,3.0516363382339479,3.3994011362083258,3.730822636280209,3.997401036787778,4.245586937759072,4.5308058387599889,4.58575333841145,5.1817272384651009,5.301203738898039,5.455800738651305,5.744625539984554,5.994061740115285,6.287503041327,6.584120441228151,6.849256942048669,7.140943041536957,7.421196443028748,7.56228854181245,7.988091742154211,8.09310904191807,8.52655404387042,8.628093944862485,9.07271594600752,9.18021634593606,9.671706147491932,9.822946246247739,10.154780446086079,10.54822124587372,10.677782246377319,10.849373545963318,10.961296746041626,11.354117646347732,11.729661446530372,12.059774547349662,12.18523814715445,12.47454074723646,12.626755747478456,12.88170874863863,13.155629949178547,13.435671449173242,13.713350949343294,14.011402549687773,14.295884748455137,14.419570248574019,14.751382551621646,14.906349650584162,15.170000050682575,15.32099285023287,15.443427050020546,15.72778934892267,16.00184234790504,16.56476894626394,16.73053884599358,17.033770047593863,17.12745384639129,17.45088164648041,17.722303344868125,18.18982684519142,18.484189844690265,18.79199464386329,18.911604444496335,19.19004804547876,19.373849745839835,19.47493094438687,19.737452045548709,20.457103548105807,20.803690346889199,21.074397546239199,21.224439547397198,21.48531624674797,21.62789974734187,21.74961834680289,22.012774946168066,22.73926984798163,23.05741354962811,23.38949734857306,23.52950134826824,23.7831887495704,23.919930349569769,24.04379004938528,24.297552350442858,25.084404150024058,25.363021451514216,25.641183651983739,25.76412745192647,26.014539452735336,26.196042151656003,26.348958551883699,26.66531885229051,27.190351551864297,27.463961853645743,27.59609405277297,27.731294753495605,28.16019805567339,28.36429835576564,28.518951155710967,28.637653154321016,28.774164255242796,28.872926456388087,29.05649595754221,29.221863257233055,29.38941385736689,29.557958559598775,29.988423759117724,30.09854805842042,30.211142658255996,30.338284358847888,30.44878845848143,30.803453457541765,31.13548905821517,31.74019066011533,31.876545760780574,32.193654760252687,32.780378862749788,32.90748186269775,33.01418756367639,33.16278436174616,33.298689662478867,33.40445786295459,33.593294562306258,33.80046946229413,34.12052416102961,34.369020560290667,34.651944959536198,34.91718585928902,35.25908755976707,35.49553786078468,35.775925361551347,36.35664506163448,36.511482960078868,36.792408959940079,37.188021559268239,38.283393756486479,38.857906255405399,39.43656805343926,40.058230455964807,40.595976057928059,41.186753259040418,41.737000258173797,42.37216946016997,42.797159859444949,43.4346087584272,44.00130575662479,44.62990735657513,44.905874755233529,45.199532555416229,45.47440285701305,45.74773505702615,46.010078055784109,46.846088459249589,47.1384483599104,47.283209359738979,47.46293135918677,47.781558357179168,48.04311675904319,48.58499935735017,48.70449305744842,48.869930857326838,49.18045385973528,49.47810975974426,49.6383098596707,49.77140695974231,50.02333586011082,50.28378005931154,50.54610665794462,50.8436538586393,51.73904565954581,51.87283646175638,52.02845846163109,52.29574856068939,52.58670096099377,52.858784661162648,53.15258996281773,53.197850562632087,53.36095506232232,53.36697646230459,53.72663186350837,53.88151236344129,53.888231763616207,54.287386763840917,54.30310106370598,54.46231446182355,54.481150161940607,54.84526126133278,54.85174136143178,54.99329856224358,55.02222356246784,56.12635076371953,56.461451462004337,56.80791046284139,57.07819796446711,57.74172326386906,57.889746563276279,58.02197726420127,58.31961956224404,58.60894456342794,58.76290516345762,58.88045056373812,59.19455356267281,59.476983663393188,59.769868064438927,60.048642963403839,60.91287166276015,61.049476362532008,61.2029495628085,61.48851096373983,61.75063446420245,61.99898646422662,62.317741364007819,62.484213263960558,62.494744763942438,62.84539886401035,62.85553066409193,63.03360366332345,63.039390763500708,63.43812556215562,63.449090662179518,63.61942986189388,64.01195666124113,64.01786116114818,64.18716155993752,64.19290585978888,64.5583459616173,64.70245626219548,64.84737216192298,65.17092926171608,65.4747033615131,65.7280801597517,66.01623095874675,66.30581695842557,66.59875365742482,66.87574115744792,66.98118355707266,67.12692255689763,67.43966905563139,67.69517625425942,68.01231175637804,68.29883725638502,68.59765045787208,69.1764353599865,69.3160184591543,69.41746775829233,69.76559455809184,70.0056870568078,70.29674155614339,70.55808805744164,71.4453802567441,71.61933575686999,72.00305495667272,72.19022815744393,72.5872579573188,72.74681235733442,73.16220745653846,73.33107405644842,74.36242655548267,74.6599227541592,74.93599465419539,75.52519815578126,75.7735732558649,76.05385955586098,76.6151599532459,76.87718165363185,77.18568835523911,77.46393485483714,77.73763075307943,78.01628175354563,78.29015465150587,78.61939985048957,78.88127705059014,79.17820565099828,79.41787945269607,79.72028855304234,80.01700105168857,80.30044474941679,80.58824994903989,80.87047175061889,81.13629794935696,81.6910899488721,82.2222059473861,82.50832724780776,82.90566054661758,83.20279374741949,83.33625494758599,83.45738504710607,83.72706264746376,84.47121334751137,84.77831204677932,85.08555134688504,85.45318264677189,85.61008584708907,85.76764624728821,86.04579324624501,86.77933504455723,87.08699704450555,87.52880254504271,87.77724784542807,87.96545754675754,88.09788174717687,88.37428844696842,89.0156627476681,89.36702134809457,89.651624846505,