{"nIndex":[0,1,2,3,4,5,6,7,8,9,10,11,12,13,14,15,16,17,18,19,20,21,22,23,24,25,26,27,28,29,30,31,32,33,34,35,36,37,38,39,40,41,42,43,44,45,46,47,48,49,50,51,52,53,54,55,56,57,58,59,60,61,62,63,64,65,66,67,68,69,70,71,72,73,74,75,76,77,78,79,80,81,82,83,84,85,86,87,88,89,90,91,92,93,94,95,96,97,98,99,100,101,102,103,104,105,106,107,108,109,110,111,112,113,114,115,116,117,118,119,120,121,122,123,124,125,126,127,128,129,130,131,132,133,134,135,136,137,138,139,140,141,142,143,144,145,146,147,148,149,150,151,152,153,154,155,156,157,158,159,160,161,162,163,164,165,166,167,168,169,170,171,172,173,174,175,176,177,178,179,180,181,182,183,184,185,186,187,188,189,190,191,192,193,194,195,196,197,198,199,200,201,202,203,204,205,206,207,208,209,210,211,212,213,214,215,216,217,218,219,220,221,222,223,224,225,226,227,228,229,230,231,232,233,234,235,236,237,238,239,240,241,242,243,244,245,246,247,248,249,250,251,252,253,254,255,256,257,258,259,260,261,262,263,264,265,266,267,268,269,270,271,272,273,274,275,276,277,278,279,280,281,282,283,284,285,286,287,288,289,290,291,292,293,294,295,296,297,298,299,300,301,302,303,304,305,306,307,308,309,310,311,312,313,314,315,316,317,318,319,320,321,322,323,324,325,326,327,328,329,330,331,332,333,334,335,336,337,338,339,340,341,342,343,344,345,346,347,348,349,350,351,352,353,354,355,356,357,358,359,360,361,362,363,364,365,366,367,368,369,370,371,372,373,374,375,376,377,378,379,380,381,382,383,384,385,386,387,388,389,390,391,392,393,394,395,396,397,398,399,400,401,402,403,404,405,406,407,408,409,410,411,412,413,414,415,416,417,418,419,420,421,422,423,424,425,426,427,428,429,430,431,432,433],"dTime":[1.2058947468176485,1.2956132465042174,1.914508847752586,2.4169202477205546,2.9072993465233596,3.1715122458990665,3.336124146124348,3.5997808433603497,3.750113343587145,4.842651241691783,4.963339941343293,5.079009240260348,5.5763949423562739,6.1862840407993648,6.640421939780936,7.154870740370825,7.425240637967363,7.558486438123509,7.875097337877378,10.0118464382831,10.263587937457487,10.816313638584689,11.087579837767408,11.238262037979439,11.330982937244699,11.590778837678954,11.81802143692039,12.101480737095699,12.328167538857088,12.64633123879321,12.7966087392997,14.19670514180325,14.535130041884259,15.10820984444581,15.344216644531116,15.487593144411222,15.807851745048538,16.08903954573907,16.33997914590873,16.607539346674458,16.91086494573392,17.026453347178177,18.437827944522725,18.68120444449596,18.977583645144479,19.211977645521985,19.529686746886,19.642500045942144,19.957395545905457,20.28305484657176,20.578469045227395,20.756626645335929,21.082748047308998,21.23642524634488,22.625528142554687,22.901872643036769,23.153293042676525,23.37525474349968,23.518059143563734,23.751167843816803,24.195244543487207,24.476403942564504,24.774173841578887,24.98394833994098,25.12406943948008,25.340510540874676,25.53994224057533,26.042597141349689,26.565497340401636,28.23467764002271,28.686263039009647,30.40707013872452,30.801943838363515,34.43149163550697,35.001034835586327,38.58054923522286,39.130399434128779,39.78298893314786,40.150467133848,40.89192653470673,42.096039335476238,42.24738253536634,42.337536335224289,42.61560983466916,43.460386032937098,43.956333534093577,44.47542623360641,45.02008083299734,45.301352532347667,45.4277899323497,45.69979013153352,45.83702623215504,46.990765834460038,47.122021433664489,47.24550003441982,47.6682256355416,48.1778696377296,48.677831237902868,49.18927773809992,49.46903763874434,49.65040033985861,50.021570838755,51.89796504029073,52.69224264030345,52.86514534126036,53.50756964110769,53.859986239811409,54.566084537887949,54.856501437025148,55.55046213627793,56.000624635023999,56.56673153326847,57.137867832323539,57.67355063301511,57.949083934305239,58.061198535142469,58.33598413527943,58.46102293510921,60.57466783723794,60.81708623818122,61.29868913651444,61.60233203438111,61.75389173417352,62.42729533393867,62.635254534194249,62.88651573401876,63.12774833361618,63.25539533351548,63.71344673098065,63.984719331143427,64.70883203134872,64.98891303059645,65.51924373139627,65.80689113284461,65.92663503228687,66.34973303205334,66.61784073268064,66.85152813396417,67.06106043350883,67.36415813188069,67.51199843245559,67.87419123365544,67.98139433353208,68.95234123035334,69.21999403019436,69.78977632778697,70.0379255276639,70.16807022714056,70.52120342641138,70.86807532492094,71.07276432565414,71.31419732538052,71.56077612494119,71.70676122489386,72.93651242391207,73.25079652271234,73.55028422432952,73.955466525862,74.19066302594729,74.32970992545597,74.45936172571965,74.69565672590398,74.95014202571474,75.10439242632129,75.30633742618375,75.41244002594613,75.56862912443467,75.77625902299769,75.91868892195635,76.04114712192677,77.12439751927741,77.39219451951795,77.67525942041539,77.99044072092511,78.18155682110228,78.46442482084967,78.68083392153494,78.92244562017732,79.22196592041292,80.85172422393225,81.3280928239692,82.98906342615374,83.32396552688442,85.0556349249091,85.41152082406916,86.89786201971583,87.61711181956344,88.65426431992091,89.7130010232795,90.81150932586752,91.8034427233506,92.2299283228349,92.64287972380407,92.85816162382253,93.89864132530056,95.55271292547696,95.99147672369145,97.75180383003317,98.09100323007442,99.98583223088645,100.24273903132417,101.90237273066305,102.29295553010889,102.79141582990997,103.29099032911472,103.82284893398173,104.34237983520143,104.8711316336412,105.40282473317348,105.86733373603784,106.4903697357513,106.8996534361504,107.11454143747688,107.46556993992999,107.71397574013099,107.97700264072046,108.23329204041511,108.58042024075985,108.72032914124429,109.18136274022982,109.48202204378322,109.73839374398813,109.94403234310448,110.83532324293629,111.09256854234264,111.23664394114167,111.34327154094354,111.60172684164718,111.71240884065628,111.99026904255152,112.10776244150475,112.34586314065382,112.61158983921632,112.75487544061616,112.87225854070857,115.0269388393499,115.29736964125186,115.41786794178188,115.57057904219255,115.79788914229721,115.91808744287119,116.17554264329374,116.31198744336143,116.5779227418825,116.80222094105557,116.96990484045819,117.08091104030609,119.19870583480224,119.43381763389334,119.70861673355103,119.94395273271948,120.20215503219515,120.45152773009613,120.69750272994861,120.98700692970306,121.23226012988016,121.47467022947967,121.75220152828843,121.99601822905243,122.22911502793431,122.51283412799239,122.60155152855441,123.43533742893487,124.95125692803413,125.36664352705702,127.11614172300324,127.65481862518937,129.27492132317276,129.7070251214318,131.43122252216564,131.81611152226106,133.44056132249535,133.86647992348299,133.87224752362818,135.55253952462227,136.02382862381638,136.35181172331796,136.43962202360854,136.6293455241248,136.8649717248045,137.00794342439623,137.25257452391089,137.4123599231243,137.6658119233325,138.17097382387147,138.46658522170038,138.59973692148925,138.7150714211166,138.98897542059422,139.10193452099339,139.35707302205265,139.4824865218252,139.76142832031474,140.2439410192892,140.49317581858487,140.64348461898045,140.7859099181369,141.08107182057575,141.22213832102717,141.50779862096534,141.65446131909267,141.86971751740203,142.35531551809982,143.85560061829166,144.41928561823443,146.12010761909188,146.53230211837218,147.8299533170648,148.05703851906584,148.16922011878342,148.2878114185296,148.8052861187607,149.28807702101768,149.77747821994127,150.29902081983165,150.5748426183127,150.6956656188704,150.96637101843954,151.06713631842286,152.8152556172572,153.0739595158957,153.33765971520917,153.59193161362783,153.91518401540817,154.14593871636317,154.44900281820447,154.6974055157043,154.9439699179493,155.21211761655287,155.47816141601653,155.70801371801645,155.9521128158085,156.2311069164425,156.33848791616038,157.12391381780618,157.69563161884435,158.2403386181686,158.7077922190074,159.0229936183896,159.15484111872503,159.40970761957579,159.52171352063307,160.37419701716864,160.84835961763748,