{"nIndex":[0,1,2,3,4,5,6,7,8,9,10,11,12,13,14,15,16,17,18,19,20,21,22,23,24,25,26,27,28,29,30,31,32,33,34,35,36,37,38,39,40,41,42,43,44,45,46,47,48,49,50,51,52,53,54,55,56,57,58,59,60,61,62,63,64,65,66,67,68,69,70,71,72,73,74,75,76,77,78,79,80,81,82,83,84,85,86,87,88,89,90,91,92,93,94,95,96,97,98,99,100,101,102,103,104,105,106,107,108,109,110,111,112,113,114,115,116,117,118,119,120,121,122,123,124,125,126,127,128,129,130,131,132,133,134,135,136,137,138,139,140,141,142,143,144,145,146,147,148,149,150,151,152,153,154,155,156,157,158,159,160,161,162,163,164,165,166,167,168,169,170,171,172,173,174,175,176,177,178,179,180,181,182,183,184,185,186,187,188,189,190,191,192,193,194,195,196,197,198,199,200,201,202,203,204,205,206,207,208,209,210,211,212,213,214,215,216,217,218,219,220,221,222,223,224,225,226,227,228,229,230,231,232,233,234,235,236,237,238,239,240,241,242,243,244,245,246,247,248,249,250,251,252,253,254,255,256,257,258,259,260,261,262,263,264,265,266,267,268,269,270,271,272,273,274,275,276,277,278,279,280,281,282,283,284,285,286,287,288,289,290,291,292,293,294,295,296,297,298,299,300,301,302,303,304,305,306,307,308,309,310,311,312,313,314,315,316,317,318,319,320,321,322,323,324,325,326,327,328,329,330,331,332,333,334,335,336,337,338,339,340,341,342,343,344,345,346,347,348,349,350,351,352,353,354,355,356,357,358,359,360,361,362,363,364,365,366,367,368,369,370,371,372,373,374,375,376,377,378,379,380,381,382,383,384,385,386,387,388,389,390,391,392,393,394,395,396,397,398,399,400,401,402,403,404,405,406,407,408,409,410,411,412,413,414,415,416,417,418,419,420,421,422,423,424,425,426,427,428,429,430,431,432],"dTime":[2.9651515502482654,5.122192551847547,5.80890705762431,8.05884546553716,8.756590866018087,11.042928960639984,11.691514761652798,14.123467057477683,14.79204115876928,17.08867966523394,17.721562372054906,20.090340874623509,20.774118081200869,23.125080074649305,23.857085675466807,25.023723874706776,26.626721580978484,26.808152177836747,27.240337977651508,27.408332977909596,27.47302767680958,27.624318574089558,28.273206574376674,28.855876571964474,29.37403347203508,29.507197273429484,29.956808479037137,30.07174667948857,30.656022879760714,31.25519577646628,31.888975377660246,32.48911677254364,32.77172377379611,32.89127647364512,33.007419873494658,33.372585975099358,33.657425973098728,33.95770117407665,34.272059774491939,34.57292967615649,34.90428887726739,35.21108338003978,35.538615880999717,35.79081788426265,36.10835368419066,36.90468188608065,37.29136548517272,37.87194858165458,38.47172308014706,38.78925278177485,39.10668798210099,39.39015478314832,39.638487386051568,39.75526118790731,39.90752578759566,40.005996889900419,40.15708349319175,40.27420669188723,40.42424619058147,40.54151249257848,40.72101939236745,41.173825587611649,41.47132158977911,41.77448079036549,42.07504338817671,42.40887688891962,42.72250539204106,43.0055091897957,43.32372339023277,43.64077169308439,43.88596859341487,44.172815992031249,44.47309749154374,44.77241838956252,45.023986988235268,45.35551479132846,45.63777099037543,46.25715998886153,46.87576108938083,47.48740138998255,48.0253976858221,48.65416438365355,49.224940987769517,49.83976198686287,50.440068191383037,51.60419758828357,51.69003198714927,52.67450778139755,52.856741284485909,54.724304284434769,55.256811583880338,57.13826417783275,57.62566277803853,59.68935768259689,60.07305258186534,60.64156898064539,61.25763628212735,61.80728138843551,62.4897577916272,62.756440492812547,63.04245999036357,63.30726339155808,63.65612159157172,64.887514191214,65.62379628652707,65.77360988827422,65.89126349007711,66.04094429081306,66.60579969128594,67.25626959139481,67.70908839488402,67.83803379582241,68.30758709600195,68.458055596333,69.08839159784839,69.72409669449553,70.27318859705702,70.88880419684574,71.15524709550664,71.27452329592779,71.39146689651534,71.7586274961941,72.0740805962123,72.39059509942308,72.72409549867735,72.98951180046424,73.23932410078123,73.57233010279015,73.82068679993972,74.15495259827003,74.47397999791429,75.32542799739167,75.45595579547808,75.6058721956797,75.7229979946278,76.29004039382562,76.87275889748708,77.92404218902812,78.0579146896489,79.07184348581359,79.27509728586301,83.48954698769376,84.03901368984953,84.8553377953358,84.9732668926008,85.15503569180146,85.85685318848118,86.45562129234895,86.97277659317479,87.07141519477591,87.54065059730783,87.67506089853123,88.25879399804399,88.85646869847551,89.44112769840285,90.08819989534095,90.37492929538712,90.50683249579743,90.60722769750282,90.97180299228057,91.32365109352395,91.55737449182198,91.87154949037358,92.15776589186862,92.47276939405129,92.77100709592924,93.03974419506267,93.3381789973937,93.64040679810569,94.50660669291392,94.58756619365886,94.78927649045363,94.99020188907162,95.50833308743313,96.12418188760057,96.33673248672858,96.58830438693986,96.90752668818459,97.24080628948286,97.7718522916548,98.42503039212898,100.38848918257281,100.82315358286724,102.63867087708786,103.29059727629647,103.87206057785079,104.49022077815607,105.05692247813568,105.6369820763357,106.25808467855677,106.83946618204937,107.44110517622903,108.02401407202706,108.6702250703238,109.27386817568913,109.87310647824779,110.43872347893194,111.04018287779764,111.70772197796032,111.97420787764713,112.25635397573933,112.87102867709473,114.03783148201183,115.23822077969089,115.88802208332345,116.42220438504592,117.02545608906076,117.62172818789259,119.45535858580843,119.93879468319938,120.87320138933137,121.22297818912193,121.9890319914557,122.48703499184922,124.37381519051269,124.87370049254969,126.87341849924997,127.20644889818505,129.4413444926031,129.63803739333526,131.5901095974259,132.0407047974877,132.70540609909222,133.2724257982336,133.89041189616547,134.4893290954642,135.0397134902887,135.65871348930524,136.25658339029179,136.85844188788907,137.47519828705118,138.0739556872286,138.67430279171095,139.2572166887112,141.6719413814135,141.6878180806525,143.74050107365475,143.77106737392024,144.02360927360133,146.24191377079115,146.4554535713978,148.55499977106229,148.79016776988284,150.9390799724497,151.22105437191204,153.391515777912,153.58951848046855,155.8413753886707,156.0370531878434,158.15793787827716,158.34183947974817,160.37323948042468,160.84233818529175,161.6570841805078,162.0236524795182,162.80746578006075,163.25623047864065,164.0904396767728,164.4218631736003,165.2568846750073,165.60499007673935,166.4229773762636,166.79130337247626,167.79034476866947,167.9908713675104,169.03746586991475,169.28818576829509,170.23804966872559,170.44158566975967,171.50575536629186,171.67525576567278,172.77431446453557,172.8728616652079,174.08845686586575,174.1402600654401,175.2731919591315,175.33879635902123,176.35664675524459,176.45463125640527,177.64169995905832,177.68890386028216,179.50532026821748,180.1068392698653,181.25772537151352,182.45651787193493,183.64014027034865,184.82188716856764,186.00489626498894,187.2739020702429,189.6072056540288,190.87199295079336,192.02382164960728,193.2057554437779,194.47122274106369,195.0726875453256,195.62231484567747,196.23789674649016,196.85617094440387,198.12388194026426,198.689274541568,201.70390744926409,202.2897346499376,202.7904389523901,203.4222240545787,203.99093615124003,204.64062684914098,205.23834435315804,205.83958274917678,206.48836024710909,207.07420845283196,207.65632245177404,208.27440075064079,208.87071495270357,209.47347885509954,210.07131874980406,210.35402084933595,210.63959625037388,211.25731754908339,211.88745704805479,212.47279865061865,212.73838305054233,213.00610444834457,213.68965014396236,214.2741399477236,214.8199987434782,215.10622304072605,215.42362024309115,216.0570585434325,216.65475854231046,217.25889974506573,217.84212914807723,218.47190194902943,219.0888829450123,219.6392947449349,220.2709656408988,220.9060534448363,221.50740654347465,222.10635164240376,222.69042834127323,223.30535083496944,223.8725307355635,224.43783373525367,225.05438583763317,225.6577358362265,226.20847593201325,