{"nIndex":[0,1,2,3,4,5,6,7,8,9,10,11,12,13,14,15,16,17,18,19,20,21,22,23,24,25,26,27,28,29,30,31,32,33,34,35,36,37,38,39,40,41,42,43,44,45,46,47,48,49,50,51,52,53,54,55,56,57,58,59,60,61,62,63,64,65,66,67,68,69,70,71,72,73,74,75,76,77,78,79,80,81,82,83,84,85,86,87,88,89,90,91,92,93,94,95,96,97,98,99,100,101,102,103,104,105,106,107,108,109,110,111,112,113,114,115,116,117,118,119,120,121,122,123,124,125,126,127,128,129,130,131,132,133,134,135,136,137,138,139,140,141,142,143,144,145,146,147,148,149,150,151,152,153],"dTime":[8.235601737629623,9.214986538048834,10.101634736638517,11.024836838012562,12.13008813909255,13.025446037063376,13.992537039099262,14.905793538084254,26.216156540904195,26.53798784315586,26.92108744638972,27.83179524890147,28.304021049058066,28.793405251577498,29.807591050863267,30.19169985083863,30.654422152088956,31.67391015170142,32.05476344935596,32.689215348567817,33.69507804722525,34.108938347082588,34.622827145503837,35.66232584300451,36.1147350424435,36.68631264381111,37.903607244137678,38.77629684400745,41.5598423415795,42.01060764165595,42.4956705418881,43.60823804140091,44.038752240361649,44.5381653404329,45.56213424075395,45.958090239204469,46.409914741059768,47.44940024311654,47.89485884201713,48.482012243475768,49.52140434156172,49.95193464145996,50.46626094193198,51.52836504369043,51.92827114346437,52.46363854035735,53.44874784210697,54.434136144584048,54.51169754494913,57.48291593999602,57.95953413960524,58.350399838760498,59.89644723921083,60.329387737903747,61.407540436135608,61.88004923565313,62.34603523812257,63.42255843849853,63.85670233890414,64.36899123596959,65.35255283443257,65.75360173615627,66.29482323722914,67.7362869377248,68.20970153762028,68.6628845371306,69.15117593668401,69.63311573746614,70.10261833993718,73.18228184361942,73.59890724043362,74.10322414129041,75.56142074079253,75.97698544128798,77.03368924208917,77.46617303858511,77.98613063828089,78.87812633486465,79.3129969346337,79.85498443292454,80.95848053623922,81.42407253594138,81.87144633685239,82.93503853678704,83.36010873690248,83.84743413468823,84.92786093661562,86.0008022361435,86.49617633409798,87.16092263441533,87.62279773456976,88.00774613535032,88.44085173564963,89.05314073711634,89.59260833705776,90.0229629368987,91.38992233737372,91.83917603897862,93.08209873945452,93.39807884045877,93.80056214216165,94.77131964475848,95.24961434677243,95.72880454454571,96.7190083458554,97.1192217443604,97.65521444519982,99.30595884937793,99.81579074822366,100.6698991486337,101.71226494642906,102.15879364521243,102.60856814472936,103.07941054436378,103.56918374472298,104.7137301438488,105.16199754341506,105.66209144610912,106.66643804637715,107.08056174661033,107.54434794653207,108.54365634499118,109.0401577455923,109.48659624811262,110.5056022440549,110.98341674194671,111.52152654295787,112.46533104404807,112.88016924494878,113.40647434303537,114.44098254526034,114.88819044665434,115.4144435452763,116.4715516436845,117.43224024446681,117.98376384354197,118.45506594190374,118.92888884153217,119.39172414201312,120.53509584139101,120.94475144171156,121.61680584028363,122.8340448369272,123.3119793413207,124.0550634409301,125.35330173792318,126.95801893644966,127.34412613627501,127.7288793346379,128.59157043532469,138.39796164189466,138.54364884109237,138.75150834280067,138.89401184325107],"nLane":[4,3,2,1,4,3,2,1,1,2,3,2,3,4,3,4,3,4,3,2,4,3,2,3,2,1,4,1,1,2,3,2,3,4,3,4,3,4,3,2,4,3,2,4,3,2,3,2,1,2,3,4,3,4,4,3,4,4,3,4,3,4,4,3,2,3,4,3,2,3,4,4,3,4,4,3,2,4,3,2,4,4,3,4,3,2,1,3,4,1,2,3,4,3,4,4,3,4,2,4,2,4,3,2,4,3,2,4,2,3,2,1,2,3,4,2,3,4,2,3,4,3,4,3,4,3,2,4,3,2,3,2,1,1,2,1,2,3,4,3,4,4,4,3,2,1,1,2,3,4,1,2,3,4],"nType":[1,1,1,1,1,1,1,1,1,1,1,1,1,1,1,1,1,1,1,1,1,1,1,1,1,1,1,1,1,1,1,1,1,1,1,1,1,1,1,1,1,1,1,1,1,1,1,1,1,1,1,1,1,1,1,1,1,1,1,1,1,1,1,1,1,1,1,1,1,1,1,1,1,1,1,1,1,1,1,1,1,1,1,1,1,1,1,1,1,1,1,1,1,1,1,1,1,1,1,1,1,1,1,1,1,1,1,1,1,1,1,1,1,1,1,1,1,1,1,1,1,1,1,1,1,1,1,1,1,1,1,1,1,1,1,1,1,1,1,1,1,1,1,1,1,1,1,1,1,1,1,1,1,1]}