{"nIndex":[0,1,2,3,4,5,6,7,8,9,10,11,12,13,14,15,16,17,18,19,20,21,22,23,24,25,26,27,28,29,30,31,32,33,34,35,36,37,38,39,40,41,42,43,44,45,46,47,48,49,50,51,52,53,54,55,56,57,58,59,60,61,62,63,64,65,66,67,68,69,70,71,72,73,74,75,76,77,78,79,80,81,82,83,84,85,86,87,88,89,90,91,92,93,94,95,96,97,98,99,100,101,102,103,104,105,106,107,108,109,110,111,112,113,114,115,116,117,118,119,120,121,122,123,124,125,126,127,128,129,130,131,132,133,134,135,136,137,138,139,140,141,142,143,144,145,146,147,148,149,150,151,152,153,154,155,156,157,158,159,160,161,162,163,164,165,166,167,168,169,170,171,172,173,174,175,176,177,178,179,180,181,182,183,184,185,186,187,188,189,190,191,192,193,194,195,196,197,198,199,200,201,202,203,204,205,206,207,208,209,210,211,212,213,214,215,216,217,218,219,220,221,222,223,224,225,226,227,228,229,230,231,232,233,234,235,236,237,238,239,240,241,242,243,244,245,246,247,248,249,250,251,252,253,254,255,256,257,258,259,260,261,262,263,264,265,266,267,268,269,270,271,272,273,274,275,276,277,278,279,280,281,282,283,284,285,286,287,288,289,290,291,292,293,294,295,296,297,298,299,300,301,302,303,304,305,306,307,308,309,310,311,312,313,314,315,316,317,318,319,320,321,322,323,324,325,326,327,328,329,330,331,332,333,334,335,336,337,338,339,340,341,342,343,344,345,346,347,348,349,350,351,352,353,354,355,356,357,358,359,360,361,362,363,364,365,366,367,368,369,370,371,372,373,374,375,376,377,378,379,380,381,382,383,384,385,386,387,388,389,390,391,392,393,394,395,396,397,398,399,400,401,402,403,404,405,406,407,408,409,410,411,412,413,414,415,416,417,418,419,420,421,422,423,424,425,426,427,428,429,430,431,432,433,434,435,436,437,438,439,440,441,442,443,444,445,446,447,448,449,450,451,452],"dTime":[10.483275742270053,11.775296539068222,12.741026539821178,12.885397039353848,13.271076241042465,13.686063139233739,14.25643163966015,14.591026439331472,15.108244839590043,16.005060739349575,16.01575223961845,16.263827638234944,16.680970238056035,17.169971336610617,17.58211233606562,18.062413637526335,18.861202139407398,19.054375337902458,20.525818136986346,21.960369137115778,23.783094237558545,23.925436438061298,25.423411138355733,26.317110139410944,26.86859623948112,27.237537237349899,27.94200173811987,28.151352936867626,28.38980273762718,29.75892633991316,30.19127134187147,30.645630138926209,31.084936941042544,31.551595943048598,32.28761844616383,32.47766704717651,32.9970646481961,33.98808754468337,35.48539324384183,36.92454934725538,37.07227434730157,38.054564147721979,38.51849744748324,38.98178544966504,39.3985060476698,40.344519548583779,41.29633104801178,41.759574946481738,42.2547475467436,42.78902025008574,43.518416351638737,43.815380251035097,44.23125505167991,45.41543705109507,45.655574150849137,47.12653915118426,48.057077853009108,48.544397755060348,49.14345115562901,49.62985255476087,50.13274375535548,50.596330056432638,51.06195895699784,51.52599485684186,52.062068056780848,52.54313975619152,53.08573035383597,53.59842815482989,54.13393835583702,54.612073856405917,55.03830075636506,55.60924355639145,55.861249457579109,56.11787565704435,56.327452855650339,56.59968135505915,57.353628053329888,57.621739253401759,58.80739185353741,58.96567795332521,59.27067295322195,60.13509355438873,60.58835635567084,60.82934805518016,61.149658656679097,61.407050856389108,61.648033457342538,61.917741656303409,62.158085857052359,62.39726915722713,62.70159135805443,62.94259695801884,63.199415657203648,63.404620056040588,63.660500556230548,63.85612185765058,64.03060715692118,64.28850325755775,64.52664395608008,64.70302275707945,64.97298925649375,65.19987635686994,66.20729155559093,66.44806095492095,66.73201905516908,66.9909034552984,67.21483315480873,67.74199915351346,68.22164225252345,68.63669795263559,69.11764995194972,69.30992394965142,69.51611864892766,69.71073745004833,70.07749015046284,70.59784715110436,71.09481855202466,71.66430254932493,71.91764484811574,72.10310944635421,72.35664094798267,72.59914994845167,73.14031544979662,73.60622534668073,73.91236524702981,74.08601484680549,74.5828037452884,74.95188554609195,75.18835334619507,75.35715834563598,75.59006434585899,76.10051304521039,76.57364384550601,77.0313170440495,78.18380754441023,78.39231404475868,78.63035234436393,79.07669834420085,79.47932024626062,79.76413534488529,79.97438054485247,80.18128074379638,80.40423124376685,80.59702294599265,81.33553564734757,81.54207384819165,82.02253154851496,82.95109505113214,83.51722215209156,84.0472921510227,84.33366985060275,85.15130994655192,85.40417684614659,85.8857077457942,86.81621874822304,87.2609919514507,87.40484455181286,87.710633052513,87.98242325335741,88.22321695322171,88.42363035213202,88.6862872526981,88.89381255256012,89.15013555297628,89.36752215307206,89.62064565066248,89.86415554909036,90.05262064887211,90.35988875059411,90.61596085131169,90.88640675134957,91.10964535037056,91.3179884487763,91.54511934891343,91.7498096502386,92.03636695072055,92.57423144951463,92.99128464888782,93.61240614950657,94.42807234916836,94.89223185135052,95.92534425435588,96.10302315512672,96.39056135667488,97.30368905700743,97.49419915629551,97.71918585617095,98.11883505573496,100.79045385448262,100.95146875595674,102.40466535603628,103.29391235718504,103.88529015611857,104.36028625629842,104.88612975506112,105.27019375516102,105.4617427540943,105.75034935446456,106.30217205593363,106.82892735302448,107.29518805118278,107.71816825121641,108.22078885138035,108.44113075081259,108.66333694988862,109.16774244932458,109.39027094980702,109.64437734894455,110.13511464744806,110.63657284714282,111.11882184958086,111.60803424939513,112.06315905181691,112.57539055263624,113.11654795147479,113.59123555244878,114.06167355226353,114.27398665295914,115.0154647519812,115.30343725159764,115.52716305153445,116.04564465256408,116.48486035317183,116.69543335353956,117.02172215422616,117.4863529521972,118.33418275089935,118.58866675104946,118.73199645103887,119.0227409498766,119.26378104789183,119.50178034836427,119.90247124992311,120.3006574488245,120.79126794822514,121.33326924731955,122.18569634482265,122.40687394421548,122.66964324563742,122.91033644601703,123.69236634485424,123.93444924568758,124.15797114605084,124.81369394669309,125.05427334876731,125.27840104931966,125.4698459492065,125.67773665068671,125.93234805064276,126.12494415137917,126.31727525219321,126.59058765228838,126.8467128528282,127.10277695348487,127.66036005457863,127.87220335472375,128.0445363544859,128.23820675397293,128.48405465390534,128.7755762534216,129.12806445453317,129.59632915444673,129.86926035303623,130.02961285272614,130.255110851489,130.620365251787,131.07199135329575,131.30799105437473,131.63051215559245,132.13594095641748,132.56425295816735,133.0722582587041,133.55702725891025,133.81294885696844,134.0074442573823,134.29768895823509,134.52618395816536,135.10323325917126,135.51854045968504,135.80590216023848,136.0632794611156,136.55122396117077,136.9337812596932,137.15832986077295,137.39944656053559,138.00872866343708,138.23067296296359,138.48817726271228,138.72690156288446,138.96717836381868,139.4229150642641,139.83905606297777,140.37554906122387,140.60553406132386,140.91138396039606,141.3417655606754,141.6130535597913,141.86991126043723,142.07854256033898,142.2844458608888,142.54382626060397,142.9815124636516,143.27099536312745,143.4625703636557,143.70086956257,143.9591993642971,144.93582015950234,145.397549059242,145.86071315873415,146.0522505575791,146.92416085815058,147.41198175866158,147.8963700607419,148.15171256056056,148.37488936027513,148.85543775977568,149.36713555827738,149.7675507585518,150.77485616318882,151.24701686389745,152.11979996273295,152.31200466305018,152.67805486358703,153.58385736308993,153.75781726371498,155.1739509627223,156.51701196329669,156.68477896228434,157.16672116238625,157.61310066189618,157.82064606202767,158.0965471607633,159.5743304612115,161.19792926125229,161.64137256192044,162.41673526261003,162.65554106328637,162.87888756487519,163.101577966474,163.94318586681039,