{"nIndex":[0,1,2,3,4,5,6,7,8,9,10,11,12,13,14,15,16,17,18,19,20,21,22,23,24,25,26,27,28,29,30,31,32,33,34,35,36,37,38,39,40,41,42,43,44,45,46,47,48,49,50,51,52,53,54,55,56,57,58,59,60,61,62,63,64,65,66,67,68,69,70,71,72,73,74,75,76,77,78,79,80,81,82,83,84,85,86,87,88,89,90,91,92,93,94,95,96,97,98,99,100,101,102,103,104,105,106,107,108,109,110,111,112,113,114,115,116,117,118,119,120,121,122,123,124,125,126,127,128,129,130,131,132,133,134,135,136,137,138,139,140,141,142,143,144,145,146,147,148,149,150,151,152,153,154,155,156,157,158,159,160,161,162,163,164,165,166,167,168,169,170,171,172,173,174,175,176,177,178,179,180,181,182,183,184,185,186,187,188,189,190,191,192,193,194,195,196,197,198,199,200,201,202,203,204,205,206,207,208,209,210,211,212,213,214,215,216,217,218,219,220,221,222,223,224,225,226,227,228,229,230,231,232,233,234,235,236,237,238,239,240,241,242,243,244,245,246,247,248,249,250,251,252,253,254,255,256,257,258,259,260,261,262,263,264,265,266,267,268,269,270,271,272,273,274,275,276,277,278,279,280,281,282,283,284,285,286,287,288,289,290,291,292,293,294,295,296,297,298,299,300,301,302,303,304,305,306,307,308,309,310,311,312,313,314,315,316,317,318,319,320,321,322,323,324,325,326,327,328,329,330,331,332,333,334,335,336,337,338,339,340,341,342,343,344,345,346,347,348,349,350,351,352,353,354,355,356,357,358,359,360,361,362,363,364,365,366,367,368,369,370,371,372,373,374,375,376,377,378,379,380,381,382,383,384,385,386,387,388,389,390,391,392,393,394,395,396,397,398,399,400,401,402,403,404,405,406,407,408,409,410,411,412,413,414,415,416,417,418,419,420,421,422,423,424,425,426,427,428,429,430,431,432,433,434,435,436,437,438,439,440,441,442,443,444,445,446,447,448,449,450,451,452,453,454,455,456,457,458,459,460,461,462,463,464,465,466,467,468,469,470,471,472,473,474,475,476,477,478,479,480,481,482,483,484,485,486,487,488,489,490,491,492,493,494,495,496,497,498,499,500,501,502,503,504,505,506,507,508,509,510,511,512,513,514,515,516,517,518,519,520,521,522,523,524,525,526,527,528,529,530,531,532,533,534,535,536,537,538,539,540,541,542,543,544,545,546,547,548,549,550,551,552,553,554,555,556,557,558,559,560,561,562,563,564,565,566,567,568,569,570,571,572,573,574,575,576,577,578,579,580,581,582,583,584,585],"dTime":[5.287477041594684,5.782131741754711,6.286142140161246,6.726321539375931,7.078558439388871,7.172656739130616,7.499841740820557,7.556978040840477,8.796150138136,8.940611136611551,9.101664536632598,9.4780239360407,9.997418937738985,10.50978583889082,10.995901739690453,11.269168441649527,11.386520241387189,11.780349141918123,13.155226639006287,13.653553037904203,13.908078639768064,14.13443334074691,14.451296940911562,14.739300941117108,14.987416540738196,15.11712053976953,15.242855740245432,15.498138139490039,15.741098241880536,16.028125742916019,16.267049942631276,16.493077142629774,16.63847034238279,16.714687042403967,17.979653738439084,18.220994336996229,18.38029903685674,18.97938513569534,19.219192036427559,19.361637336667628,19.650890436954798,19.810126836411656,19.957529136445375,20.229103137739004,20.481928436551244,20.73351543629542,20.878183837980033,20.972019637934865,22.29942844249308,22.52301864232868,22.782110242173077,23.0532829426229,23.228838643524797,23.39019744237885,23.578826841898264,23.898731239605696,24.156064638867976,24.409657440148295,24.55804523965344,24.684867438860239,24.826892538461835,24.989108839072288,25.17789684049785,25.48627883847803,25.77438953705132,26.0363261369057,26.29062993824482,26.48281634086743,26.755046437960119,27.046856637112798,27.218910436611624,27.507678537163885,27.68285033805296,28.066344037186356,28.358420335222037,28.658107335679234,28.899309636559339,29.160437535960229,29.428905836772175,29.922124435659499,30.493744635023178,31.02050773287192,31.518169332761319,32.03572443127632,32.56430283235386,32.85076373256743,32.99423773214221,33.31418253062293,33.604149230290207,33.73187813023105,34.68181742960587,35.23696603253484,35.730790831614289,36.24426523083821,36.77869123080745,37.06009853025898,37.1902708299458,37.57218623068184,37.836492331232879,37.94962113071233,38.357403731904927,38.950249631889167,39.4785796306096,39.99465712858364,40.218937028199437,40.33078862680122,40.755986927077177,41.014270026702437,41.30107952747494,41.44616922782734,41.762102528009567,42.052765926811847,42.32319832639769,42.46682122629136,42.81910932343453,43.09395492263138,43.45809942204505,43.93823852110654,44.1489126207307,44.35660061985254,44.45122452033684,44.80478902114555,44.90042432118207,45.0375746213831,45.12316702166572,45.95632892055437,45.96303092036396,45.9741619201377,45.98006692016497,46.213303219527009,46.21921061957255,46.229998119641098,46.236792819574478,47.07754001952708,47.282205720897767,47.362616321537647,47.82667802274227,47.85928052291274,48.32580032199621,48.88505121925846,49.15829082019627,49.30151961976662,49.573421420529488,49.67521451925859,50.33775511896238,50.7967131161131,51.147291916422549,51.5162596157752,52.0691461157985,52.60041611501947,53.08179751737043,53.32213441748172,53.44971771771088,53.78592591872439,53.915815419051799,54.412078915629539,54.95604341570288,55.21189611405134,55.42031081346795,55.68199881259352,55.842540512792769,56.16178711084649,56.4505764124915,56.690607911907139,56.93201051140204,57.205196811351928,57.45836761081591,57.71726010972634,57.95624800911173,58.24240270862356,58.45323480758816,58.74038160732016,59.01071200799197,59.14083770848811,59.36210950836539,59.60360690718517,60.03713830932975,60.0429070093669,60.522420609369877,60.53769970918074,60.997617608867589,61.01421440858394,61.52448160853237,61.53075790870935,61.88868790958077,61.899745809845629,62.219893410336229,62.33232830883935,62.850221508182588,63.076539209578189,63.33303241012618,64.16240880964324,64.6817368119955,65.2043852112256,65.69473800854758,66.26577100623399,66.5417003063485,66.74668050650507,67.05264160688967,67.21386200748384,67.5574453077279,67.84232660755515,68.62989610852674,68.8663944080472,69.4428256074898,69.68317650537938,69.80549840535969,70.27730950387195,70.48358640260995,70.75405090255663,70.97815120173618,71.21880270121619,71.41151050059125,71.65418130112812,71.85885890154168,72.09866500133649,72.86936720227823,73.1093804021366,73.330059801694,73.61384280072525,73.86745470063761,74.04327799985185,74.37826490076259,74.68611750239507,74.95576110342518,75.19835070287809,75.46795640420169,75.6289658038877,75.7058763038367,76.0587289026007,76.33072390127927,76.55587640218437,76.79366660164669,76.91524430178106,77.01833760226146,77.16190720209852,77.48289760062471,77.81837140163407,78.01046109991148,78.13958459999413,78.2526712003164,78.50738470070064,78.74832870112732,79.1156155015342,79.22659150185064,79.46628010226414,79.61924420297146,79.74732140311972,79.83421830367297,79.95612670388073,80.49197770282626,80.96438510343433,81.52577280579135,82.026018303819,82.52322630304843,83.10788350226358,83.42913230415434,83.86922760214657,84.10831780033186,84.2524476009421,84.65126800071448,85.26116910111159,85.74097820045427,86.28366409940645,86.79752519959584,87.3007306996733,87.73159560142085,88.06771809933707,88.30793090024963,88.43804430076853,89.41298140119761,89.9568840013817,89.97183870151639,90.46065689902753,90.7144137993455,90.86145809898153,91.29845009976998,91.54907079972327,91.80594819877297,91.96288029802963,92.3337473985739,92.5718446969986,92.84327529603616,92.97512839641422,93.35576729802415,93.6119455974549,94.03761619608849,94.48271339619532,94.70767349610105,94.96501299599186,95.05255839601159,95.42877119453624,96.51390509447083,96.75744719384238,97.60334969544783,97.84554059524089,98.40399549575523,98.89123669732362,99.38638499658555,99.66132929595188,99.82184429559857,100.07430879492313,100.23684299504385,100.78144229343161,101.30993289407343,101.51536939432845,101.75582459382713,102.01162819424644,102.57860169559717,103.12204599799589,103.62722619948909,103.8976970994845,104.02088299812749,104.28283269749955,104.41068479791284,106.25128030497581,