{"nIndex":[0,1,2,3,4,5,6,7,8,9,10,11,12,13,14,15,16,17,18,19,20,21,22,23,24,25,26,27,28,29,30,31,32,33,34,35,36,37,38,39,40,41,42,43,44,45,46,47,48,49,50,51,52,53,54,55,56,57,58,59,60,61,62,63,64,65,66,67,68,69,70,71,72,73,74,75,76,77,78,79,80,81,82,83,84,85,86,87,88,89,90,91,92,93,94,95,96,97,98,99,100,101,102,103,104,105,106,107,108,109,110,111,112,113,114,115,116,117,118,119,120,121,122,123,124,125,126,127,128,129,130,131,132,133,134,135,136,137,138,139,140,141,142,143,144,145,146,147,148,149,150,151,152,153,154,155,156,157,158,159,160,161,162,163,164,165,166,167,168,169,170,171,172,173,174,175,176,177,178,179,180,181,182,183,184,185,186,187,188,189,190,191,192,193,194,195,196,197,198,199,200,201,202,203,204,205,206,207,208,209,210,211,212,213,214,215,216,217,218,219,220,221,222,223,224,225,226,227,228,229,230,231,232,233,234,235,236,237,238,239,240,241,242,243,244,245,246,247,248,249,250,251,252,253,254,255,256,257,258,259,260,261,262,263,264,265,266,267,268,269,270,271,272,273,274,275,276,277,278,279,280,281,282,283,284,285,286,287,288,289,290,291,292,293,294,295,296,297,298,299,300,301,302,303,304,305,306,307,308,309,310,311,312,313,314,315,316,317,318,319,320,321,322,323,324,325,326,327,328,329,330,331,332,333,334,335,336,337,338,339,340,341,342,343,344,345,346,347,348,349,350,351,352,353,354,355,356,357,358,359,360,361,362,363,364,365,366,367,368,369,370,371,372,373,374,375,376,377,378,379,380,381,382,383,384,385,386,387,388,389,390,391,392,393,394,395,396,397,398,399,400,401,402,403,404,405,406,407,408,409,410,411,412,413,414,415,416,417,418,419,420,421,422,423,424,425,426,427,428,429,430,431,432,433,434,435,436,437,438,439,440,441,442,443,444,445,446,447,448,449,450,451,452,453,454,455,456,457,458,459,460,461,462,463,464,465,466,467,468,469,470,471,472,473,474,475,476,477,478,479,480,481,482,483,484,485,486,487,488],"dTime":[3.005728943273425,3.2407283443026246,3.5824679448269309,3.8978986444417389,4.295332544716075,4.646689644083381,5.03305974509567,5.432895044097677,5.841568243922666,6.1599057437852029,6.4953983433078978,6.873784544412047,7.256499745650217,7.593475445872173,7.929908845806494,8.327210046350956,8.681075847009197,9.079231346957386,9.449792047962547,9.84938404825516,10.215450847288594,10.567539946176112,10.968539845198393,11.338101744186134,11.72180574433878,12.08727674302645,12.438994243042544,12.833153942599893,13.16858844133094,13.567216043360532,13.921423744643107,14.319767743116245,14.65562264365144,15.08782904385589,15.41028884309344,15.83199634309858,16.189033643575386,16.569482444785537,16.921569944592194,17.303062244551258,17.67257544468157,18.088124444242568,18.440584843046964,18.83233674359508,19.2152204439044,19.58389594522305,19.954714846098797,20.305584744550289,20.673393544508146,21.057697142707185,21.44966084184125,21.815913640195505,22.232688742224128,22.567572241881864,22.951989743160085,23.69722254248336,23.80822804220952,23.919248442165555,23.999710242496805,26.2311471439898,27.601682846434416,28.879098045174034,29.98390904464759,31.15999724296853,32.4253172413446,33.93750534020364,34.27409153897315,34.575839238474149,34.894705538172278,35.19936333876103,35.51945174043067,35.7918018407654,36.08070504083298,37.21578394109383,37.8063045416493,38.44793924293481,39.10242794291116,39.608359740814197,39.73670894163661,39.86611974099651,39.98251624056138,40.10325024044141,40.2396411402151,40.37538513960317,40.521130739245567,40.82570963725448,41.431350335944447,42.05696243629791,42.6329806370195,43.231024336768317,43.85580793651752,44.409965835278857,45.03223973303102,45.6399793329183,46.22324573411606,46.871200534980747,47.4738400336355,48.01648323354311,48.62501903180964,49.23289803089574,49.8562882328406,50.42256683250889,51.08752293512225,51.632543234853077,52.243891335325319,52.822651335038248,53.479107135208327,54.015121436910707,54.03301763650961,54.30590573535301,54.31197693548165,54.62247183639556,54.63297583628446,55.2738189350348,55.86313733411953,56.44806523388252,57.05032893223688,57.59181933058426,58.184390630805868,58.76154503040016,59.38320862920955,60.017066029598939,60.61511393170804,61.217913433210927,61.831096534384418,62.4227385323029,62.72172873211093,63.03886933089234,63.31174573069438,63.60129173123278,63.61522813141346,63.62432153150439,63.63382653146982,65.71833403175697,65.8151703311596,66.07386742951349,66.68191402987577,67.23244192986749,67.8000062291976,67.89433862897568,68.36851972877048,68.48225452983752,69.08845103136264,69.64849563315511,70.19215723592788,70.7827642369084,71.07341253734194,71.18439723737538,71.29620403726585,71.52002963796258,71.99906833842397,72.38509363797493,72.67022593854927,72.92721033864655,73.19989943737164,73.52805053838529,73.81770413788036,74.08737393724732,74.37435573735275,75.24006394064054,75.35063204099424,75.52777944132686,75.64006814057939,76.18566844007,76.78508293977939,77.10548984026537,77.3936144404579,77.69753553951159,77.96656453981996,78.09428754006513,78.20915303984657,78.33574183983728,78.46309793973342,78.60040264064446,78.70476734102704,78.83014144189656,79.23305604257621,79.35068664303981,79.48011094378308,79.59186404454522,79.91366014583037,80.02407124568708,80.16792154614814,80.24757084646262,81.51840424910188,81.58338704914786,82.13802104908973,82.21740074874833,82.76690685027279,83.08963645040058,83.39127045078203,84.04883185354993,84.07954985415563,84.09474485414103,84.80627275444567,84.94503305433318,85.07377755455673,85.5357620541472,85.83883365336806,86.38389095454477,86.90286275511608,87.03247215598822,87.43136585643515,87.60908135632053,88.20619665738195,88.81474615656771,89.45563755766489,90.02294785878621,90.29458355740644,90.44127665832639,90.5342534580268,90.88046275801026,91.21670395834372,91.53571335785091,91.82500655879267,92.11347506032326,92.4331098627299,92.71834586071782,93.0250271607656,93.29411966213957,93.58657636353746,94.39191306266003,94.5039331628941,94.7287385626696,95.36022336152382,95.98518626112491,96.28652276168578,96.61013066233136,96.87056776229292,97.1621295614168,97.28714276105166,97.40201276144944,97.51322346110828,97.6389328611549,97.79394796025008,97.87962766014971,98.35109846107662,98.44930976070464,98.60786506091245,98.7347220601514,98.97592996037565,99.05524036032148,99.23122745985165,99.3287800597027,99.5191096609924,99.61790606076829,99.78397046029568,99.90932495892048,100.14280445850454,100.24018385843374,100.41429595928639,100.51776815881022,100.70386075857096,100.799821957713,100.96603685733862,101.10584525857121,101.27884655958042,101.37700755894184,101.55121535994113,101.64987285947427,101.85473755863495,101.95263745845296,102.11320355907083,102.2545605590567,102.44852166017518,102.81188716017641,103.16006956063211,103.5118550604675,104.40616826200858,105.00975986197591,105.64744686288759,106.26302766194567,106.80131856235676,107.38410856272094,107.99185976199806,108.59213366173208,109.21659116097726,109.80788456089795,110.41602346207947,111.00631165923551,111.63213165965863,111.64227675949224,111.91949915909209,111.9293162592221,112.23889975901693,112.24850345915184,112.84981975983829,113.46237595938146,114.0573644596152,114.31166266067885,114.55170646030456,115.20701046194881,115.80119926249609,116.39967366028577,116.68800985929556,116.97560015833006,117.28102165856399,117.5366675585974,117.91901075700298,118.06328135705553,118.2549648580607,118.5120912573766,118.81563835870475,119.10389515757561,119.42259755637497,119.71223455667496,120.00203925836832,120.3363841585815,120.65014725760557,120.92018945887685,121.20667475787923,122.42379325861111,124.80142975714989,125.96186265395954,127.14400105294772,128.37681735423394,129.5684849547688,131.93734565121123,133.12172325211578,134.35947455302813,135.5763834505342,136.77488174987958,139.20209114882165,140.96041585039348,141.59399984916673,142.2388727494981,142.84266864857637,143.4331456469372,143.94405624829234,144.57784534804524,145.22554234904238,145.7824564508628,146.4175090524368,147.02324405359105,147.6150406547822,